erd1n93wmz5cycuuljzpdmvvnx46ug5uvwsxgd0sp5lxv8zpdessuyhs34pesj,
erd16xvah5hsngq7mf9q52evu48t3jqw4uyrrtjugkne7epahpmacy4qky3tnl,
erd1f3rzddj0tfwdl5nw4vkczc72e3svzc78j39ta5ahyyneu6xkgjtqd6mq47,
erd1jkkgrjwg9n3cmfrfx40h2nup77yfgesxlkhcyfkehehk8a08rpfstnc927,
erd1u03rhqxemwrex0qqmafzj9022ky0rrvy002f6ndkgak3fmecjf3sdtm9l8,
erd1q3yfrdhvl38qlx9gqrtfs0cufmqlnz0ytzsq2a5ul6ltwvugz8uqx2nn30,
erd1pn7cey24aqcxprw8kr37c4eva45rnh2ul50374x2qtrvsg4t58aq3shv9y,
erd1e8rfqdswasq5rxk75f93eyxrnh845att90uwrcd5pxf844nde8esze5mz4,
erd1vmr46yl2lw0z6lpq0s09jf9e84ulas8s9jtxpvk8nd2wvz6mdatqwjdd6h,
erd1f0ktsfwgwevgjey7ddgqyt7rzltnyj63k5vw92rycqwnp0maphgqx9kmc5,
erd1wung7df85tkwt5pc4z6gewh59n7ws6utyrdjrz8wx65sg70r2l9qga25ev,
erd106uzckkmrku6pj3ef8fqgpcmvqkdnk32ne7nclr97fdv9r0y0z5skq69q0,
erd1w5dpu87usp5xml2q53eag9dqmz9hc5e8lq6vv65rdgvaslekkelsg4236s,
erd1wmp8wj9gvnupganaj3n7vdzrtmum8smyteuw5qpah3vn7xznf70qra0l63,
erd18adwl5yzzrpu0kceyuqj70wxvnwsgs0gwlhhyvx0n30cczgt4g4sncstf4,
erd145lmgm8zn9w2vzkc9hen63y7c68dkh0gf4tgw58vk2pf8z9xk28s33lw3u,
erd15399j7m6nl2ye3mtr5wjg8y656zt9qunrrttrtpt5c3597p2evequwla6g,
erd13np4e656ghgx4rmgae2mp8cq8p04uc83n89dh0qgx998pahrvchqysjp07,
erd1pt8e8anqsy44caqznp6fynydm86ps45wm6kmjgtldtxnevnya32sulykyh,
erd1p6j9f9k3cartgtnym2eclt2ag23ekh2pyl23303qqh0yyxupssgqz974ph,
erd1nmr9uculqtz9la993lh0aslrn2rxr7t2pylaz2pe6p5s5t9qkjaqkseymp,
erd1chvfasw2uv0l8p2y78eh2pqj34mss4x7utu8pgcqh54rzxn7aycqemtsft,
erd13r7j7xj9zqk20lwwu0vslkhz2j4qqcezgunh7r8tmrq8rzz8k9wq4jz9v9,
erd1evfjp9dgx9tapfdy6gxsff468wa6c7x0264npwe4w9fva7423ysqq8y2x5,
erd15dj058hdl24mathyskkaru90fdp24w5fpu420s8mv97mepaa99kqmmu0z6,
erd1updu6q6k8uykxmc5avvtqedx8gmxn67c97vfnau504twk7cep9gszd3y57,
erd170v0yv7mw2m29ugmql2ag0e2n5957820sr6yra5ud9m02m99w82qd6cktc,
erd1g9yv8fqz08f0kpgnuacnw3rg9ujxwlan2xnhtusvxfylpc8w3gmsrnza08,
erd1cxyescx33crndpf2nc7x4pjm3ppcyw02pg09wt7ulta0fhy8j4ssplh2e3,
erd1jaa2rydkgxygftcajudv4uzxjag2nvjp76a37gey3wr2w0aw5xcssha9nz,
erd1wf69u8892np8x4hjp28r7vpqazvtcu7y59gj99xpsecfk9p7432sxek6u0,
erd10urzjjz68vfzv759ffrmen92m8gfg5um6eqjddg0eqqfz4dq57mqjf63gv,
erd1w76nl276e9xyvsf7ru2u0xs4trj766ygftadx986sy99evjde7uqngfptd,
erd18ccqlrqr0aanjn3wwngpkdwn7x5hdfestl9xlps6tv9e2mczv9qsaka5uc,
erd1095x7u099l4fas6fnpy4vxare6xy63xq2nd6st4khm5rj3k4rn5qx2ymre,
erd1dmmalh3nycjt4v63jedn6530d8xwdh62flgq379v2ay45zm2sw6sa4u3kp,
erd1t3j0sl07tq004v0fkcjl9a2tphllrrcunkafw0gkdeahygfu9gwqmf8w30,
erd1fr0stgjeqxl9dgsdgkweq3pcrslxwl95pfxcw3gl04v2mrun88ps0uwd0s,
erd1c3l4r70zpzxw5pp8fchdt3ck4jp8he3wlymmau66fzn4qqqwwwyq84gepp,
erd1wq7n5xdyn6d07xcmls95lhwy574pq8jgyyv2v6j4kxedx0ynzyrq8cgj2n,
erd1qxz5kx42dgnmf02k6sgflafz2gx0twlzd36rgr4fv8swgl0yqr3q7w3cmn,
erd1t6jxum73v9syvelg2y5heh94vx5dkth3unf275xcpxc0hxzmp9xsep7rnt,
erd1cr3luts8plf5ppgdztm39d720hupucm4q6s9ngp5uk7sweljhv5scz8u68,
erd10p64r49ueqx6evt8gn6g0ktwftetrgxyqgaud5x85tjq74w6z4xq8thgkr,
erd1eg5ht28w5vz5afa8rxxgqpkga0gtd96e66ec26h4hapx4rw35lnqp2k50c,
erd1sgj4w6u0a4ym267llh9rwm9w3ksk20acl7363e9q4rjs8cax077sq8zran,
erd1sqte4nt0una3urhwgdp600wpf92cdsttgyj3ff5r5umsjnypt98qq28h47,
erd1utnryzdjp62896ckzvt8kzcky7g76uhjj400euagw0ez9tjqxsxssv0tc3,
erd19dwwqxzcmhug62nvywz8rvl78ycxj2n5ft4l9ehl4wsndk0tzmsqa6tw90,
erd1yjsendg4xu830y70rhanmlc3w0k6gjm8ehyy3vpv6u9kdeujdh2shz4h5c,
erd1kj8ukfkt6sqelph577mmxxt82wh4usq8v6fwha5re6fagfv9awtskfn6zc